Employee ID,First Name,Last Name,Relation
tcs_new_acb15,Suresh21998,A,Self
,dep6_suresh,A,son
,dep2_suresh,A,son
,dep4_suresh,A,son
,dep3_suresh,A,father-in-law
,dep2_suresh,A,son
,dep1_suresh,A,son
,dep7_suresh,A,father-in-law
,dep4_suresh,A,son
,dep1_suresh,A,son
,dep3_suresh,A,father-in-law
,dep4_suresh,A,son
,dep3_suresh,A,father-in-law
,dep7_suresh,A,father-in-law
,dep1_suresh,A,son
,dep5_suresh,A,son
,dep5_suresh,A,son
,dep2_suresh,A,son
,dep6_suresh,A,son
,dep6_suresh,A,son
,dep5_suresh,A,son
,dep4_suresh,A,son
,dep7_suresh,A,father-in-law
,dep3_suresh,A,father-in-law
,dep1_suresh,A,father-in-law
,dep6_suresh,A,son
,dep7_suresh,A,father-in-law
,dep1_suresh,A,son
,dep2_suresh,A,son
,dep5_suresh,A,son
